"oldfwhm","newfwhm"
8.1384740201026,3.84213011282993
7.95771394749619,4.05820579002074
6.30499752091377,3.89896239213405
7.72524744839125,4.07485994715125
7.56935076525133,4.16041221901463
6.89590424173103,4.00575837168388
7.64843667621274,3.86037384654219
7.72904904375996,4.03760063397837
7.94865608658236,4.12774311847465
8.03989704447844,4.08275401648832
8.82005477766809,4.37586688843865
8.20731199392559,3.81424889150067
8.38882004674262,4.29852035179893
6.91423041989739,3.94028139991946
6.63931383498953,3.86392900364541
7.03929499744178,3.99606154127802
7.42526822188641,4.12158094372138
7.00919163622132,4.32113997104134
7.13303427196677,3.91100870920935
7.97669981809927,4.10913477470274
7.55301639429761,4.01182216290744
6.91914264632688,3.92571601054232
6.78931371413763,4.03467580423629
7.71978664159731,4.02140532532965
7.89410385436357,4.11449320201248
7.28531045035276,3.58342157381189
7.87341112583819,4.03823419546575
7.71932217391726,3.97150421697187
8.2733622736371,4.22371542663363
8.02407008529614,4.09020071498665
7.59009311198401,4.71047433922669
7.62513953652159,4.25771513153272
6.85869964246629,4.16541092702714
7.436899488615,3.75466484201412
7.5505067014932,4.20499593721348
7.89206264299564,3.88150522768574
7.74496853173198,3.95299722895836
7.76287739561646,4.36624368815473
7.9974354334739,4.01797635075374
8.14519629997845,4.12297976227885
7.38730182005325,4.08209477616665
7.96407319065272,4.01502298137944
7.63522523933707,4.23134623155602
7.54341242166012,4.21478410227523
7.88587072555301,3.97144788210803
6.62972014852402,3.99083762956785
7.73823971968854,4.08784079473794
7.72522140717504,3.90921083032183
8.23148446365759,4.18992757268956
6.817964794845,3.70057490249809
7.81644136124726,4.36125560794355
7.52601534934822,3.97832541361672
8.11277499318446,4.42276866620304
8.04183627959713,4.21030917727627
7.44532213615441,3.9759713539565
8.2220024134745,4.29067157368638
7.40309629445399,4.0746504819723
8.06394319239518,4.16870101191743
8.01607869237882,4.05426916586403
7.62031276478792,4.04949362791834
7.87156632096504,4.08744095015356
7.88209680075141,4.06813850571938
8.02705033150558,4.26322313636747
8.19098998900626,4.40150942263298
7.21087396319324,4.04124399127792
7.67871520527587,3.70494938276848
8.3087139011977,4.91930089996839
7.83417547965525,4.05575717964827
7.36694237527126,4.1052985258975
7.05505771986251,3.95983852406473
6.94853166846324,3.86382327627646
7.28257513596381,4.06352647075431
6.65025521485429,4.12530183787192
8.00546933484735,4.30199414315369
8.46175245299722,3.94616408905649
7.83898171983672,4.28661959428626
7.19714969736765,4.13123958636714
8.08625027041085,3.98343811546547
6.39508879435973,3.8785788726746
7.77062911314601,3.85394549381897
8.1336667977473,4.11906974185623
8.47382806181229,4.25511199217984
6.8256306473948,4.06702225857822
7.51521914116445,3.98899343707865
7.78925386821609,4.00450077855564
8.15453694599883,4.046124763782
7.42647517842737,4.19072865639295
7.75973125482275,4.07940825922085
8.35652191417861,4.32638166524246
7.86725934617507,4.06789844705548
7.27779762032388,4.10978732676937
7.77821897541093,4.19478902940734
8.33631623630345,4.01634786070367
7.98304747421674,3.95653786355152
6.89482543907776,3.89803721164349
7.65932810830148,4.17991888281472
7.65461968953171,4.10469265045781
7.50436340970775,4.10252908483599
8.19085845718783,4.14311473994498
8.12203169661943,4.59890578270861
7.36432587734253,3.9419201008644
7.16850695443454,3.98486632954334
7.96954554677647,4.15347926145642
8.26813926531976,4.06820701112484
6.71898654996323,3.77029496763443
7.67164236799796,4.05418609997804
7.76584697125656,4.59387688383817
7.00858671408868,3.84824796757128
8.11090042841689,4.07461686144406
6.65322429393786,3.82242194335767
7.78102377269169,4.14942167851595
7.43550403102159,4.02195724197607
8.0984606061031,4.11594652892911
8.16594529937544,4.1250855123556
7.08227895780995,4.11529017465447
7.37807785329273,3.85899279560635
7.77545049161118,3.99700715069844
8.35496111657247,4.90654602280733
6.43225223724258,3.83504811917116
7.96774853616908,3.97033772536265
7.69165875539464,4.0384365989333
7.43399208086171,3.9531275270816
7.51752695095588,4.09172152241974
8.33180676834577,4.13504282957079
6.30560103890221,3.99778464248854
6.62524728464857,3.79965815809465
8.29253803017305,4.20951185433765
8.0884418496407,4.80300099176559
7.45555304842249,4.08958696779368
7.25641582468405,3.85456081955821
7.14266451780272,3.82509959985354
8.1595292656002,4.2623903827559
7.68913155882256,4.03716770515481
8.03455996393073,4.13752026623363
7.69467233193259,4.24928891164697
7.8922823108539,4.10353132355133
7.81457994222552,4.2016961257765
7.90670519475381,4.18743680558428
7.98639619328231,4.01869111146046
7.21081699679757,4.08001853376038
7.20730980464595,4.39953033275537
8.06421455637924,4.01176666343966
7.57553154205638,4.18051715626915
7.75168957485194,4.08462197804079
7.95315495725547,4.24741964105444
8.0401320137466,4.21524632479025
7.41413202302661,4.52046368968381
7.85100732869128,4.20815233072452
7.79973313911704,4.06839703906997
7.83618731454606,4.37711942852101
7.8624119201029,4.2192646763169
7.7564915073694,4.04439704944896
7.73095345749342,4.05195062800021
6.99394807342896,3.87331482905005
7.25991791535624,4.22250763672832
7.81460143441347,4.12521061063937
6.50462510654946,3.9579363881504
8.12216064332842,4.09692178347095
7.86115462936907,4.00166731850088
7.67548339497209,3.90014283774275
7.98786817777347,4.0522856077088
6.67241486856159,3.70885186786871
7.90226067141581,4.19731776047322
7.80530092231109,4.04915590322653
7.41698660273498,4.15436767568982
3.88809346211199,3.88809346211199
8.10008438918036,4.10747909350529
7.68057707948025,3.95424654563602
7.6696672987928,4.13579907144585
7.70018368176183,3.83970211707306
7.62466388616486,4.01106877796625
7.7151009722677,4.04921658667456
8.68585690161158,4.36146090623092
8.23705088123144,4.11040246337042
7.01025244734404,3.64125173856265
8.07423282927805,4.09793803218334
7.71898962563668,4.13431856330813
8.1250761795283,4.67046160481719
7.72340238406557,4.19208710142218
6.94144094558332,4.06079797449866
7.54919546616185,4.23936289701165
7.56489016697461,4.02647183087653
8.12925806061034,4.01168791283428
7.48615875376214,3.67163737477293
8.04561458912794,4.1402462003228
7.96976859658989,4.0869100677443
3.51073897674141,3.85899494113311
7.4493442130696,4.24923456864914
7.55240033193281,3.98777037152063
8.09906697968093,4.33982324989944
7.2704082981905,4.23765789317392
8.21034086772583,4.27299798433133
7.45179375234697,3.92366192510957
7.90157490100945,4.03641241762415
7.65473662940937,3.99455033079576
8.89036559666603,4.2762403415661
7.66740006139486,3.92157286528061
7.56414757512506,4.2085803381478
6.88164609679881,3.96382325537841
7.31488625156299,3.71289349011889
6.97449991138408,3.82086991274751
6.84216235061567,3.73740676940725
7.79459076547871,3.73022285568049
8.08406884509831,4.74469757821934
7.69632967712682,3.90701025367453
7.66886341904607,4.02732395353076
6.70872008201756,4.13655423452326
8.10573820049788,4.19891393399515
7.59690309565182,4.05498960984189
6.92127999536563,4.08648618906153
7.40440684384686,3.80346583290758
7.81485076682167,4.67683002733895
7.31127949988761,4.06010807747243
7.10907789671437,4.12079107583443
7.54633309154635,4.04614111624677
8.34215283723754,3.9338423976177
6.97947545509927,3.95267908650203
6.57201369023554,3.79819352355247
7.67725839045857,4.09500535642791
8.14762034074508,4.6693013002438
7.5372329186857,4.34455814357866
7.33418329063254,3.7308649087178
7.50805901012271,3.86583559700626
8.13777785220045,4.06133088979571
5.93806554953144,4.21759616832051
7.5700628805073,4.00490979398074
7.32460585815314,3.85238249234198
7.73301183645482,4.25766310918058
8.14809304014363,4.29818461054981
7.9811498845652,3.94451438695551
8.12792828198394,4.28076591916661
7.66975019025741,3.94577499857245
7.5522592424503,3.92905722342208
7.82418086159599,4.08689618969087
7.48086179648465,4.01153436800951
7.30934316594902,3.93077507335045
7.92660753154542,4.69847153396841
7.84104700223024,4.07521841372251
6.47885143687971,4.4198426432845
7.30008833145476,3.89326974529323
8.04367654082888,4.08817704990274
8.41346195294191,4.14841876208391
7.99671332922143,4.47000035735417
6.52776411426376,3.97101962760606
8.58715542861227,4.3410384735101
7.92813874910764,3.94155318451406
8.07027747697034,4.1395560864029
7.17281957880936,4.10062156692755
7.57042613831963,3.86648546727956
7.68146380428176,4.0271556416474
8.16856443769525,4.87515841630227
6.38432596818026,3.75101594080019
8.09831429989483,4.31387373144327
7.96297697563546,4.04209826232267
7.72261157596817,3.98840732163215
8.12289328549772,4.30627355449026
8.21426072503425,4.17055218134124
8.13750606095273,4.04100882630674
6.83381303173072,4.19285493268261
6.86839334521143,3.88178096389297
7.44693093614827,4.07099034512063
7.32806359638402,3.96293421511137
7.93655687660165,4.01555602877094
7.90042087996489,4.22309195231806
8.37279285924656,4.389720324018
6.11614462259713,3.91178130065403
8.83091430917231,4.25462539494206
7.91054360673186,4.52247715490319
7.60597616399201,4.09532753225854
6.96044846476453,3.87063685435177
6.8208605926575,3.86758691796172
7.90444175275134,4.14635883105575
6.45827727135633,4.1410174597203
7.47795802446279,3.87686571189038
6.28820143010826,3.73277313572786
7.26380703282769,3.89769733586848
7.53251702460235,4.02607926239307
7.86285151312206,4.14158730354583
7.55080504927901,4.08497596743864
8.30835163557228,4.14714464142981
7.11130996517568,4.10588643283322
8.72228943507677,4.30259711084024
7.36271081725398,4.11054528771747
7.22987263328025,3.82546881599814
8.15324183323286,4.15534419985815
7.38796096474319,3.9741268571674
6.60704680168138,3.68398069631791
7.25320067281439,3.90624580425109
7.56641901146471,4.08040196022081
7.6425302406747,4.1314045002501
7.64861361690231,4.15305760120254
8.53578502940415,4.1799531599441
7.26157868343645,3.77686913032132
7.89758798821281,4.17312865928031
8.00988109577792,4.20985837484857
7.8904621698317,4.21248209961822
7.55868451587502,3.86881410539173
7.99038194771123,4.156235274574
7.91944464677954,3.97941353628518
7.26644940612871,4.0003120268659
8.17721128172827,4.04229423104471
6.77220663127704,3.84129688194502
8.22679735981829,4.30956466997447
7.80733121709992,3.90500896307052
7.6525830957839,4.1052149775475
7.78469661456478,4.07456235402386
8.05296028270339,4.11725051787702
7.92566507760665,4.07310912108645
7.19251100499641,3.95199207918968
7.84185639232667,4.12575337493477
7.82167150841344,4.19672230864739
7.50236767866913,4.01813524673963
7.52460890824819,4.30106778723483
7.63738814545377,4.13204443603365
6.77560493462933,3.69463295478891
7.54585900771926,4.20250435147233
7.19608337037005,3.85861849421777
7.90724391216419,4.1451222656489
6.60980462157214,4.12244263387273
7.97403144784679,3.74869164944758
7.00767330029309,3.56193648094137
7.90807916183739,4.63948608965101
7.89150775306205,3.97751721641884
7.9238813633088,3.99479474361164
7.33651841798039,4.26820253043021
7.88501426980896,4.01504975891629
7.03848616627452,3.85181089460311
7.2304298906339,3.94779217484153
7.41160223262817,3.83732262933808
7.93276391625524,4.14178959145966
8.09023614083772,4.13357919052732
6.44410942027401,4.10033494532934
8.01254873146397,4.30731821336413
7.73150265994156,4.12180485968202
7.68842481961359,3.65413794248328
8.11591002075093,4.01588456968087
8.11722776297417,4.24504638424266
7.83058755023581,3.87210315775264
7.64054921747017,3.85475554646382
6.50423493513215,3.90722906113845
8.00974642369247,4.09803892009561
6.54628945011454,3.89009335287277
6.87905316486952,3.86359229014484
7.47780008568018,3.73652544605592
6.72932487361875,3.75754647029586
7.49222129548606,3.95758391437441
7.35465705335092,3.86576773659584
8.08900116623107,3.9763753503256
7.88912489516661,4.45584750910632
6.13175468075998,3.77971770757005
8.59858061437865,4.07601649821274
7.33010393669307,3.99711285086802
7.52691176418005,4.04156691356493
8.03427327777456,3.92070946869395
7.13996099675534,3.95055975751047
8.51270471729186,4.27648572575825
7.24703110925994,3.88519826792012
7.52081027526511,4.10380858428102
7.59475435044617,3.77751825204352
7.47844833841353,3.88107390597767
8.05898412251686,4.62814535005221
7.38188130879481,3.96900204736959
7.53280458396896,4.0100638678497
7.31420853222101,3.92368990498505
7.86156900083823,4.11065391251082
8.1715957417555,4.19134966775823
7.77696056337146,4.17873549791176
8.61934523633928,4.22425910230436
7.25634121845938,3.95492049550124
8.23718273660622,3.99977570950511
7.12282039093278,4.09027386852574
7.37364195229691,3.94100243448038
8.13050546418497,3.92133874555396
7.7269489944092,3.91236378517956
8.35317353548677,4.07164057806171
7.29674816768462,3.95349302181245
8.16131854339925,4.09459019090111
7.22474898875299,4.22682701438696
8.33667390451986,4.2284366988609
8.39885979715736,3.98614070988494
8.14411749288114,4.42956107377201
6.73579658323483,3.90994363062318
8.20414617388033,3.9929481550396
6.98883905522495,3.83225047946908
7.81662898486925,3.66476359736948
7.46600170046133,3.93114376892812
8.00274904617483,4.74774475473871
6.31320653474186,4.16994786176598
6.47421909478594,3.88406466469715
7.78071942230747,4.1286367172808
7.84605713579508,4.01036199711927
7.6662843044824,4.11117902369611
7.30105209104067,4.22455539751227
8.08096376846187,4.24894474394206
6.54233502169158,3.83383140757617
7.93352118301014,4.53141422732388
7.23913967884433,3.98040524292577
6.60395405743612,3.81377737194436
7.40073884300021,4.04498644399192
7.93410055410133,3.91171326488916
6.27681697519363,4.00491072338992
8.02838519910124,4.14436449884956
7.20819233972352,3.64217722708907
7.84145640289916,3.87343266806851
7.4897747223506,3.96337035355475
8.54086726858459,4.34048152362928
7.53863834802122,3.8685438984652
9.02535500338517,4.37191097723467
7.87033948206961,4.07829560329521
7.05034967196644,3.94040008827838
6.75187543467436,3.56499717929976
7.60115814892348,3.79520156231683
6.71987392794785,3.70931338299207
7.775484116837,4.18247213624297
7.96303262736404,4.1769760870725
6.94039490221437,3.85844460614001
6.12965786431063,3.80842677787443
7.90388943942428,4.28363965788619
6.73074445659814,3.79881830207836
7.0192975262631,3.90934527391373
8.50208856871741,4.80630718731342
7.17427713565636,4.02297528512862
8.44708643696147,4.23994916206939
7.23971761855035,3.93712964860604
7.4530242440998,4.13413818757744
7.56649083597845,4.2506339765821
8.13097883064093,4.8783032219893
7.53102509734179,3.81145782054005
7.56095589535264,4.07509543576086
7.52893594284371,4.27180559366341
7.92203881409966,4.62479921893873
7.72277287057779,4.01361669953221
7.52538178714843,3.80040125983356
8.11171375767922,3.93017820367341
7.95639509589975,4.38979526270782
7.59613059657685,3.74598656664832
7.68276373904326,3.96675527233763
6.98203441565663,3.81518925860574
4.08441975664111,4.08441975664111
7.40680277999646,4.13633768243866
8.10667997335787,3.92053348992984
7.95109609068671,3.99474416220593
7.87165800895829,3.8116584876163
6.65882208358727,3.83237784098979
7.94111185257299,4.22457568014999
7.95875619520971,4.15115437085163
8.15150172617389,4.1656239984655
7.82223752188323,4.09271436501422
7.13483176574408,4.04189858471387
8.13306079365661,4.04203547166712
7.55266670365725,3.95125334531492
7.05288514646503,3.85916262365611
7.53778646621348,3.77669981217398
6.81152082728031,4.20612604918877
7.34019844680109,4.00493955439427
4.06406288542082,4.06406288542082
7.59042190962647,4.04304863417797
8.2382329244543,4.83339241617398
8.52077522553082,4.06387919056368
7.80087472348935,4.20190681733201
6.6007104690748,3.81921421385579
6.69670458076977,4.1365643032269
7.34388146488408,4.09658879303001
7.57581731102162,3.97953791343894
7.6838347481235,3.87888964024466
7.81977147635245,4.08728241018598
7.49257938138855,3.97993620405813
7.25178366525068,3.94440518553923
6.72608277733992,3.91266660094363
7.81881300442422,4.28414933632209
7.26037025025432,3.87834007652994
7.62738391050556,4.08277729561834
7.14089306011028,3.46772000039425
8.07569235869253,4.08330913462642
8.0492388429545,4.02807777742355
8.16506812316501,3.96590522221192
7.14025971213356,4.09711788114084
7.58225348506921,4.14781861749658
7.21745216439366,4.06435369214669
7.7818894684788,4.04499013555483
7.20529893480549,4.14604677980657
8.38737564107064,4.25974432097124
7.27188307691591,4.2782379266887
8.10553623856258,4.19246085383352
7.43619092249628,3.90224039390437
7.77789579888788,4.01303677579494
7.6724964205267,4.06429162892821
8.18631520609208,4.03037548159001
8.57955633561936,5.08716081442423
7.11683153918382,4.03243836461949
7.67449544869753,4.10742511684755
7.63434399425586,3.98137496819372
7.40484687949965,4.09287665009223
6.79825531668971,4.28700244096642
7.84453661750613,4.28692572312131
7.85421165733163,3.73106494491549
7.94950690992897,3.94499392082967
8.10129257234509,4.12570220177797
7.92224393983637,3.99368396722258
7.02390544584974,3.77561038985274
8.34216954422111,4.05909338298714
12.2527203169306,3.79104546952906
7.899320324759,4.04684778464961
7.51232216599817,3.97675614710765
7.94754287180672,4.13305584837869
7.92960650416001,4.64477086584027
7.74413755940423,4.16170172379509
8.15434976789129,3.9355782249031
8.40617162809968,4.160749161876
7.79378628602981,3.90509095549407
7.88793468227051,4.02951837036867
8.1056908999475,4.36112313784324
7.45321308432945,3.9805757939941
7.84401611237255,4.11728941815175
7.60040896655503,4.14741690716877
7.98536648086266,4.03141982462471
7.115465129822,4.0014358516721
7.2264730500444,3.75613188708894
7.52187000200773,4.20958650365188
7.4904636773892,3.87064201315104
7.08498304138195,4.22154345480563
6.29314807131305,3.85841498995106
8.38665091125072,3.99082736409308
7.58487749841788,4.16448667403261
7.40636262214167,3.97940040518416
7.30288566506322,3.86960710076411
7.02887581430493,4.08337902174048
7.06188713040878,3.89686947467675
7.58100214039499,3.97550431905393
7.6778835762397,3.9891691416202
7.88019001172384,3.82849000049157
8.06754911928358,4.00539065898282
7.72796848522424,4.00158560541196
8.05458809189573,4.15370627783572
7.23137879537724,4.04434144287356
8.07164772537988,3.92449791515713
7.93483503814913,4.05192288211351
7.30320711010613,3.65971891452768
7.28544866205077,4.13087738400096
6.91502802961455,4.16727357244149
7.46276791491385,4.66115482732913
7.78583256319398,3.96464294408514
7.2512815600382,4.132775767273
8.1729483444444,4.18694866337037
7.82201899900125,4.04147693844189
8.37881275041295,4.34182984151042
8.05471884840829,4.27310916386247
7.23625982347062,4.10377431011971
7.83972302865884,3.94714446801864
7.82947447055532,3.99349015981833
6.5958841860204,4.04777937708188
7.59559337198519,4.14003459637373
7.4843373598083,4.04792335014731
8.10306506426873,3.92871062544695
7.52834942960723,4.05316709995856
8.07047588845369,4.09134891281158
7.55099977683277,4.05007811575696
8.07107623230598,4.18172343167896
6.97624881742678,4.0172473549123
7.66171538348457,3.91366132473715
7.15057997962019,4.20923591855883
6.33122644565378,3.72536499629526
7.5980206794692,3.96875396763408
8.10305164176819,4.17663821861401
8.19532241276123,4.49770437825579
7.53480763746784,4.02736205558683
7.2168820638222,3.84915488005703
7.66952670887438,3.90961500986545
8.2530001862763,4.25440301221716
6.97902596243417,3.91339376120504
7.146130031958,4.00553082727965
7.56801135297871,4.21131695059271
8.20402173120122,3.99553363319492
7.58253605201445,3.91572490314959
6.90021364594781,3.88642507191834
6.70454203598126,3.90425898561001
7.51828797721498,4.15926192381016
7.47862550903219,4.18714012650486
7.92216295027516,4.36635212734627
7.77562452273768,4.26682916395504
8.35726993002457,4.25809841745837
8.39723709368617,4.1467325029989
7.74994816992186,4.09891246798574
7.08820303115214,4.23136344413488
8.4098726276639,4.06720798702392
7.51740086213185,3.97492613716535
7.28004661843863,4.05297336484759
7.27323363510485,3.97753988524359
7.48530110454203,3.79352761618214
7.00066714700215,4.00127515360046
7.60481637371778,4.20056632452063
8.11849428588007,3.98790467763292
6.51443482223929,3.94722356843418
6.75656326085352,3.88275680573294
7.89651993779724,4.20568796910021
7.65743057348337,3.99293377711899
7.20861004728193,3.77087170400835
7.78017384788613,4.0951321917558
7.77927054056341,4.15226023315722
7.40729657008433,4.16677051058122
7.3360523477242,4.0447482273545
7.71927576696795,4.12022756607462
7.27996277554749,3.85347761980478
7.04522841712005,3.7753852817577
7.77848609287304,4.1438056720933
7.2187564729923,4.22310241197159
7.67240475539889,4.2711220231159
7.8457990200601,4.10393536928361
7.05747493816674,3.97812764957356
8.07509136580165,4.36407401983253
7.81133354769154,4.11591425863797
7.79678974647636,4.11305173959388
7.39489680263119,4.09482374877151
7.57607788707506,4.24674608149218
7.28866766060974,3.92405831624862
7.41606564707267,3.81186026146942
8.07228966787958,4.05563830243389
7.98998927101328,3.97196182515552
7.8856942034354,4.39695179434982
8.16647547404439,4.23393083903162
7.51423040075911,4.01665479951557
7.38229233286926,3.92339208966315
7.87644042434807,3.88782178068044
7.20440280675343,3.88948521566795
7.63781463244742,4.04198536256863
7.71560262541582,4.01648523224117
7.01855544652041,3.88333967491199
6.50896361572397,3.78517293521733
8.06371273154358,4.00388189480832
7.37605197539573,3.98529283468863
6.81807956382979,4.11599783972941
8.05531004735151,4.26569781768731
8.01066912942097,3.90833426955191
7.63321190063297,4.15961649948445
8.35587708937191,4.10902863029968
6.96405110839856,3.78235567521146
8.03900428668663,4.17133354907155
7.15805072425588,3.88120306015389
8.37194811770821,4.29312768183491
7.43438099600968,3.94702214211933
7.96518366836047,4.21392958589684
7.88420490629803,4.1554948584588
8.14935181427922,4.71679557489279
8.14559910053196,4.17042488809478
7.60934384496711,4.2338056033314
8.43317829152009,4.03283319829101
6.88536194631614,4.2918838239869
7.88000453819853,4.22508637297553
7.95419138821215,4.10919310756513
6.67128655664724,3.72828854546434
7.61756679472717,3.91376269850694
6.82690340353229,4.43666466458361
6.659061210436,4.0907339644235
7.93766252649061,4.05183155850785
8.1905707302871,4.10452034610064
7.51857079229017,4.02628925718917
7.58675193840043,4.02535664562467
7.64711755848655,4.67630397123169
8.15025320321236,3.85162116669079
7.05640971827362,3.81572817193865
7.04138736668274,3.92574064934408
7.87800380657738,4.05243721630258
6.88607203603024,3.71500702818191
7.71247116149628,4.00456450065471
7.58482542141994,3.69119023339625
6.55304556126217,3.94571107857617
7.49316393447175,4.22629415945772
7.52291724755033,4.24364635918358
8.29322768118782,4.38682370834138
8.68340382138987,4.32499842589268
6.39589813270949,3.70734768325602
8.11704519336257,4.14324189123228
7.96899990919703,3.92199779045527
7.47795583667479,4.22487456643817
7.84904003628204,4.16941060507377
7.59503795931598,4.09362979705518
7.26603806157297,4.02833478681483
7.48454622330366,3.86883587494934
7.97042832339985,4.15440602064045
8.40028136715054,3.90585142247442
8.1029092904559,4.3153201460467
6.4407504929671,4.06556368824819
7.72519997925961,4.07977475960751
7.55803270569727,3.99327004945187
7.57861679478367,4.29950428448963
6.81017029914603,4.17027306972672
8.04993572134162,3.95686246530929
7.79663097645221,4.0495765527772
7.80538208597175,4.01352822512375
7.95285143829783,4.20671469821597
7.51297069194878,4.02059262467932
8.11015703588478,3.95526424854008
7.94758543962579,4.23328963456823
7.20986969547073,4.10806407734557
7.13524269122505,3.92707907351025
7.83548868971691,4.17232054272556
7.76385875043154,4.02117618070995
7.56170145049146,3.90070856782187
8.11222627423315,4.06856154277378
8.05961023202422,4.22866054403733
7.92546186296514,4.96592404771676
7.9996322231133,4.24449634778488
7.53987382195853,4.11556233862011
8.37259404702196,4.19343150899703
7.10761785985073,3.84459680296723
6.74165440462352,3.92692788957344
8.25893601116686,4.03910789667391
7.19282065659736,4.09158960868064
7.80455401505666,4.15758008689996
6.97056982335691,3.7888199246263
7.42283447048249,3.85359692185732
8.32824756441403,4.10909721291346
8.16440154619847,4.14926537665537
6.0950620821909,3.76463613522511
7.09749157531842,4.44132077124082
7.7391733536403,4.0660545302632
7.73151472837045,4.07269894382167
7.50120163727643,4.13588488429281
7.44984012279646,3.79274110315136
7.38587139382126,4.66564234206932
7.70543947214686,4.67197209660909
6.74289193674315,3.82685868241319
7.71215317737509,4.37586237105059
7.94406465651022,3.84009542804176
7.06663860525307,3.90916522199785
7.32672921895892,3.87518993730554
8.51785573411642,4.38601092961447
7.68182484589988,4.00790720720576
8.1568345275521,4.05504441896898
7.84266043398276,4.07498153932949
8.1837508026265,4.22314338234361
7.83384469991415,4.03134791489634
6.11657839542193,3.93680862391265
7.79272534263026,4.2034019945926
7.22259821320472,3.91513179681199
7.11694330758918,4.0145543558101
7.25574201053919,3.85263013366365
6.99848538662636,3.90502642023734
8.47347492396642,4.06311970333762
7.67863063158931,3.84692625791279
8.17753014245673,4.32386364615154
8.54653716248422,4.24476526289038
7.87405712976286,4.88450624609029
7.62703939499459,3.71000462089372
7.64191403055255,3.97463472392547
7.83525301344708,4.79336492143704
7.04229711630734,3.662042391723
7.33480165093546,3.91553235551375
7.84698484589155,4.27344875074402
7.86437825126322,4.04446580242875
8.06773537798093,4.06361744341698
7.64406384473796,4.06679220959617
7.99744419149356,3.78289269550231
7.54901353386776,4.08160843478184
7.37963471549602,4.07279780249026
8.01521287907912,4.17060465162894
7.61584371703508,4.11921681932893
7.27335660759254,4.03417199992156
8.32699913234407,4.09798958474127
6.99824767669934,4.1533254312326
7.58929051253264,3.8266622855896
7.31962484733572,4.1477161891907
8.61906565859353,4.16958562397511
7.09132176705385,4.21847697875281
8.02563164024696,3.7896747124845
7.00225835273809,3.93492292264964
8.14310753820684,4.05618577141669
7.87917334363969,4.04929732907559
6.85406501747925,4.05366362665534
7.79207568686664,4.03361887873099
7.40057481841809,3.88261093212781
8.38390709011456,3.9637836305658
7.88806362131553,4.08456326274227
6.85610865702443,3.9193897404701
7.44291114796868,4.10459311636228
8.01306584223851,4.37179889652208
8.22718669523878,3.92210866078178
7.55094559472437,4.19411395052701
7.95025821462888,4.17879121930365
8.21110107254659,4.19558372691484
7.62199405061911,4.14866555845666
7.66407979922233,4.10847909709078
7.84960310465342,4.04995445288732
8.27271300470613,4.10579341147413
8.09481529915163,4.10889954633177
7.81880561564351,4.0662913882549
6.86385290737978,3.86579755944502
7.42459494875543,3.9339703987101
7.6384113563021,3.97543302891143
7.28530682480693,3.91320116147142
8.25787768389267,4.71592749378925
7.77096895156027,4.1302513673283
7.54618152853652,4.09419389997163
7.07597328609005,3.86275353682159
7.22494539499946,4.04471799266581
7.98613116347629,4.13231689764331
8.3363034588639,4.27094142741014
6.83953456572238,3.69087636561392
6.18308860233509,3.55785681987016
7.89592310951873,3.73086950034668
7.35328411214784,3.79572148225504
7.22602622312334,3.96441857563686
8.09958621386325,3.89884556283184
7.04208629578668,3.77255906531036
7.41004191883124,3.97400111565311
8.01202602863435,4.00190127907625
7.77436392928997,4.07247210770794
7.67978360711345,3.9568648616016
8.07862031971344,4.23058177810133
7.77314882415238,4.10120021150379
6.83246771588377,3.96991140062492
7.52687660886145,3.99591634988295
6.66346628904947,4.27501130723096
8.29905799499378,4.40862564466093
7.83319738442786,3.94974490560432
6.85272760319878,3.88512505083729
7.60445382480464,4.18972318816879
8.01023121989537,3.95214821632009
7.94747413282264,4.03987229486357
8.33504461015508,4.346697831107
8.07570860522562,4.34344950259811
8.16279536329609,4.23682240692773
8.33966497087683,4.38769558312766
7.97102389606676,4.08412801435067
7.40991184989728,4.03319704791294
7.8534827730495,4.00745633897867
7.48245146461977,3.94266141337712
7.42585152889024,4.21836480722984
7.87356727033486,4.26657857901322
7.88850103570716,4.63861272637399
8.03740824769326,4.06819937459293
8.2252883697083,4.15572204405353
7.79083886000918,4.29051388926469
6.35624399212105,4.00988637268779
7.3142178415322,3.99736695300661
7.81634882354875,3.86359061022327
6.90030914652807,4.12935612824794
7.58322639707015,3.93883525646939
6.34745918112789,3.93276473958624
7.96172126128259,3.95948953153672
7.50062262859098,4.0176071041368
8.01616627876887,4.19837995921492
7.54594222465425,4.80455241387573
7.97397927735828,4.05967831722744
7.69004128718525,4.28973244885772
7.70275155357683,4.56938602554685
7.03485775554198,3.87986705418101
7.7083521904268,4.04158713268837
7.82764646650756,4.08486340195495
7.51260170034875,3.87707837266614
8.1730666045936,3.94899452810532
7.79215916487721,3.9160559181418
8.59325729650387,4.42282370067838
7.59633993681593,3.83569383532283
7.06970159957962,4.05684238922497
7.18348538914866,4.47620984132142
7.41203510803732,4.51695542850349
7.56064144120609,3.8529215717893
7.14290096290586,3.9873219970542
8.20342687970059,3.81450126582317
7.01664714524716,3.89470908191288
7.57988066005926,4.41886139180945
6.29688527427615,3.76658736725066
8.4987975434232,4.07612488825004
6.78266081942277,3.8865821477814
7.67513345276948,4.17987115746434
7.95312560025882,4.13804432236353
7.59312112333333,4.31354831958396
7.00706665081449,4.15784528793236
8.04520054350061,4.20612564887669
7.50458951826112,3.7783124946746
6.82593456427577,4.00759998827704
8.10247519309988,4.23724307659895
7.46347811775557,4.69542525449536
7.68925496617682,4.1896337215069
8.27216589161039,4.69545717439855
7.28628458369711,3.99473231824426
7.32468123415734,4.58109683572752
7.87914166802374,3.95424092214923
7.4488395735552,3.84100725507515
7.54916102308402,4.04801505072363
7.68038847136494,4.21201893144663
8.16623585971077,4.0954271769963
8.17977267825534,4.16165417234974
8.23872829322819,4.23197447075149
7.30573404931764,3.98462179273334
6.50208909261174,3.86830143048016
8.09617639945319,4.09120507979944
8.02071540254796,3.92143659586341
8.20064429825294,4.01871141867562
7.31541781662647,3.98118610997658
8.22929208702053,4.29008445512491
8.23896090261102,4.06333691501758
7.53041332943275,3.94105920517598
7.90095681080624,3.96540661385123
7.74621944673055,4.02257713802117
7.03446805370503,3.88183589465239
7.69663062529801,4.59192727727093
8.25667946520969,4.08902057568204
7.68462829799726,4.05894615026204
7.03815452353082,3.85868134740972
7.49006628623984,4.12672489493891
8.42410921279305,4.24301224158751
7.81931386047853,4.25442915367854
7.71067626459247,4.29070977209608
7.63041176273638,4.08859950449965
7.67165750043342,4.07647226006537
7.86830484480722,4.13443558743679
7.83238249404459,4.07856338023769
7.09596715658382,4.02290702911309
7.69972612118084,4.02794175617622
7.43214703061568,3.85044591337699
7.48885844632907,3.90647012162951
8.34495649804498,3.99124844095665
7.8602580564627,4.10074260713429
8.0910553108411,4.0162040681513
7.29975884889201,4.07619144741567
7.43871466283522,4.01033934941782
6.32183777381032,3.86553535989247
7.50098461145967,4.14676711503485
7.998831081473,4.22205726010052
8.0244661643536,4.08444455293725
6.89410061831978,4.02861933687442
7.64777592586272,3.78633479989857
7.80005482319797,4.48136728815349
7.12268813441201,3.87896745092964
6.22167001329246,4.00294646673889
7.43607739834558,3.95044981966609
7.47398403069775,3.94583235751067
7.05734841654082,3.90564949351915
8.09589620760415,4.09707751141256
8.09954610561617,3.88541519082528
7.42031444624871,3.75761643597919
6.66231954908556,3.79011849540998
6.89038312246952,3.9783890402817
7.65350487214915,4.206882246484
6.53891102648968,3.60159567595665
7.80970726392088,4.04160273564975
6.9545546749235,3.92398743688267
7.792852224513,3.95520116499833
7.82951555063628,4.18082874939412
7.72033999002148,4.06291218396757
7.52967464956662,4.10071602280528
7.97423832785551,3.90115589252296
6.55549683094132,3.93352628299392
7.88759175203115,4.19317758015673
7.69287118479728,4.02603445497674
7.51813392775525,3.96535912094982
6.68888388319827,4.14593317589525
7.26869693378071,4.00100914554794
7.3752345038706,4.01869903878708
7.96906705921065,4.11254215207681
7.81345271278754,4.54140477504264
7.72165281973209,4.18975698903233
7.17159984733278,4.72800574077033
6.79065044178498,3.87377316009617
8.21910124947647,4.13318921194416
6.39418039387703,4.00261499337861
7.70235763364009,4.20726027518671
7.61875862237736,3.91825756049976
7.78483344563394,4.16316092853636
6.55396533083266,4.03772309222442
7.78766604972785,3.6763441484878
7.3755871365769,4.05839968299414
8.46271846080384,4.07079318428913
8.02442059047384,4.1826994637464
8.90888023514888,4.82023530607403
7.50236590192071,4.04019672602878
6.81039674750287,3.76238301067134
6.90136814891408,3.9022141995255
7.53032526447368,3.87789972848253
6.93099786186129,3.93071270994564
6.35364179638147,3.8347062759658
8.37794176560543,4.00328986811328
8.18246967001966,4.11394057542893
7.60089237131863,4.04177127231268
7.92206226716889,4.21147850578664
8.38512640806153,4.11932339131717
6.77428238000412,4.03992371926789
7.67941523482306,4.26161502392066
7.24073270800872,4.02452923846501
7.55348659655721,4.12652911163403
7.40207387043103,4.10361223542016
7.9359714383511,4.13440249966939
9.69574404690904,4.09174861474412
7.66160325122189,4.17044938844847
7.33950061981701,3.80498042232915
7.63104050673211,4.01871102364871
7.87491118188532,4.0416882473112
7.72768252419751,4.1073720181947
7.80999216892072,4.12314944826883
6.77799821888232,3.85455030251553
6.7535995156645,4.22751434352493
7.99482138036843,4.12331333491901
7.09727824357706,3.92788781760476
7.21404336423541,3.92535468004684
8.14131485972274,4.23932381617036
6.88192106767133,3.91437946783984
7.95397170648211,4.10746658006314
7.77678444026346,4.11653698791826
7.98763864063433,4.17760925434596
7.34920111462965,4.67574673870992
7.57076573440392,3.95163310818077
6.74375646552259,3.70094639905918
7.52968913222077,3.79832295819424
7.28430411605437,4.12026250722455
8.25354137858299,4.11760245707715
8.08504093299155,3.82988405051647
8.08094644668306,4.27659075627141
8.20995954965245,4.21394901781501
6.43637148828308,3.67575274224042
7.7235684438797,3.6786257656973
6.65912714863334,3.94229340649927
6.08661080981206,4.31667611252998
7.69231239249549,3.9666731746992
7.90027679712367,4.1111681836483
7.48260918924759,3.93598066884917
8.24081262939574,4.12417579917613
6.95982979863324,3.77586527801915
8.13422121187366,4.18308560819038
8.20362395922382,4.08069909900176
8.03499980921363,4.27592726148158
7.9471915002525,4.20557058112425
7.6763659408046,3.93438210462348
7.36903102587561,3.98036225907179
7.45515444878526,4.52961049014752
7.4483295562862,3.8830390367575
7.3407719766894,3.96758478437173
7.47239265545095,3.94548943713344
6.96562533247447,3.8755946224513
8.17985801474199,4.51167426559592
7.23478801837244,4.19881789293451
7.32133334678856,3.82591112801365
7.67239176557158,4.35269988303315
6.34972304706057,4.27027049116194
7.9258176406503,3.91243472667892
7.38764481276219,3.9665601454715
6.68191025569712,4.0202864696075
7.73963730184632,4.04079977004973
7.84499979471985,3.85497664401899
7.27491830690741,4.02583015612742
8.3732549557466,4.36822989613625
7.37060411923086,3.93546572655482
7.86404736242145,4.23945695434528
7.55975922307768,4.15789797564755
7.71232951722737,4.12802085567427
7.56240460356778,3.73092284420018
8.45898116771955,4.39410463021553
8.22525959576321,3.9954380401788
7.98213656984953,4.15178784094033
8.15273753268235,4.07901371752509
7.9617694809349,3.91705346997835
8.13348139566002,4.22847734897242
7.70208741581678,3.68980149231464
7.59591748977772,4.17651064566607
8.18947046448682,4.14502836688385
7.81064047791263,4.05534297142903
7.80790185349845,4.10168279982875
7.7709171064138,4.00059890459812
7.65998752530453,4.0175029090266
7.07482226264296,4.44663341187825
6.54156164217752,3.86631944778133
7.99866600440181,4.05011918288249
6.80424422305815,4.1542951122728
6.98767464761313,3.76438267892305
8.31641931375907,3.99264725751748
8.00867290557375,4.15776733675489
7.58975503968185,4.01508473719523
6.78651187930913,4.22216866709686
7.78314272925793,4.01038098533434
7.65698389235221,4.15887281959262
7.64439783890226,4.08891368103542
7.74622004764494,4.27802817613084
7.47283159191653,3.95848487262983
7.55952159764904,3.98089737408987
8.04206049083098,4.12003542176112
8.13312238872236,3.94031606099952
6.74411443452474,4.06819016075564
7.11484155373463,4.0191741262528
8.02675885166633,4.26036073011103
7.23470428990583,3.96462930386155
7.90214543897461,3.81845276392247
7.71199256169949,4.01462303762011
7.84335361058931,4.16059123541741
7.86083202687392,4.07396999583713
7.24380684829882,4.01647204077693
7.78712432511086,4.29941453887869
8.04437477904243,3.94295748269979
7.87149087819433,3.72338772195243
7.8545051847214,4.18238412652358
7.95618001908273,4.08664400911247
6.29477753484948,4.10461971505517
7.69617622719523,4.02845281146397
8.67588112753262,4.42652258205453
6.97212274147146,3.94261480343667
7.4262624668414,3.84023359945899
7.98341561444929,4.20927142254032
7.86565525915959,4.08895869405864
8.07326225851143,4.06428828884865
8.11091936904123,4.04449948785557
7.86990656526178,4.78954508350246
6.66893054327994,3.7923606852601
7.13330572223676,4.00738727728721
7.63066498027171,4.07483418860569
7.22131376776559,4.10136910881418
7.34019232646047,4.3432637152219
7.27308292693583,3.80678862752664
6.83400546987981,3.94400079115636
7.82481335297987,3.88926439417238
7.31544300559419,4.1760987798631
8.24532564922213,3.98986161152201
7.33404440755769,3.75815052579158
7.64571137590762,4.20883187333589
7.96655475851457,4.12070312808461
7.60183204198705,3.99684215982253
7.49572115178757,4.09240979005293
7.65064799251442,3.81893893695653
6.95987965744501,3.91661024349385
8.06011825563809,3.96510186519658
6.7316536564748,3.9309270648512
7.16199543434432,3.97633351782697
8.37442991837851,4.13083346470645
8.2240450305314,4.13646013767386
7.04932403948541,4.06779975793881
7.18032571496906,4.09519318116624
7.59972009813171,4.05326538251211
8.16128063736206,4.63564721588592
8.03786316238747,3.96091675516893
8.08075960741949,4.19074959233903
6.96291195102941,4.03068925301435
7.41958060463667,3.9801261248727
8.03999094440516,4.02996997926093
6.75233600365262,4.14217024616385
7.21514999854366,3.7678287606606
7.91047808188328,4.46067735719981
7.77559904339814,3.95516374269966
7.68919481535946,3.93354685870454
6.59989131959476,4.16657961921966
7.78461072883539,4.14491642863468
8.24896928132864,3.95101509445964
7.80376089843303,4.18473163220669
7.78758416101036,3.97100603695296
8.3804402598706,4.98739977900377
8.04169285864735,3.88613456524276
8.00248468949882,4.31333508988261
6.79018092670059,3.7803930915159
7.47954373831567,3.92817813077817
7.77452561536352,3.85004784371465
7.55295600507431,4.21904557253416
7.48558502551163,3.97275071341649
6.80460690195272,4.42339753716948
7.55692362607892,3.88938865528336
7.0799013280486,3.55577306758278
7.51121995987712,3.93638162809224
7.05986681299384,3.97188843165947
7.54748531657341,3.86960561778576
8.44816431434179,4.24573410293751
7.07116489427194,3.93777678400642
7.4451158201115,3.99520720188351
8.01842377828276,4.09115302271712
7.03713551646502,4.21185012982963
7.71884262322265,4.10116148713967
7.66277573125972,3.80971140461707
7.54898095046901,3.96705185318846
8.12198360166455,4.18526700788401
8.23118090870251,4.11352310941567
7.74125474434651,4.03436685366188
7.97085471133812,3.89748711059285
7.05507214562031,4.02681851265772
8.41112151377983,3.98635886305143
7.01800364943445,3.9021995063512
7.94381250836565,4.23555605363727
7.982457648825,4.1327006805544
7.43725909500921,4.20725660171372
7.35486621687759,3.86890425126847
6.83958345266265,4.01482134742727
8.02552363649704,4.10195589960822
8.04481143491759,4.03541504296273
7.82386850907815,4.0955731244055
7.15119558038243,4.03188017596782
7.89418620158235,3.99852463176664
8.24938438404513,4.30622983913175
7.45372108810214,4.05879067947457
7.60482461722656,4.15190837020291
7.62516974830683,3.98005522639021
6.87948435631974,3.86705113436219
7.69307187195218,3.90241419555908
6.72700282315194,3.72026294568582
7.71943213510497,3.96815613837969
7.92093579039627,4.1405388222526
7.56644728410901,4.0416994323603
7.70132359719907,4.08735202033042
7.31790599600491,3.90435191028737
8.15441022278552,4.14249966360815
8.02035554461109,4.11595744034847
7.38425098120599,3.83046517704772
7.82384560192669,3.98626959440411
7.70837840839302,4.06119648898067
7.86662022834695,4.25955981018579
7.51602648350052,4.08855352346106
8.2800320806401,4.69515139539907
7.86778300838403,4.2248776418431
7.79579126436284,4.12206179912743
7.81380898828121,4.24529622039591
7.54017649187444,3.93057863076315
8.30705277387656,4.21648737523259
8.21451592443758,4.22664065722362
7.95606786428427,4.04357922363166
7.36856169998216,4.05992107965455
7.3970567281155,4.02377404856472
7.77232482782992,4.07963158603892
7.87374644091419,4.3949453580054
8.03517976840094,4.27376132222498
8.26290203134766,4.1793982169354
7.81984743636044,3.73500561677631
8.20540747508521,3.92338681024239
8.05655398242737,4.24004812914413
8.17190574096154,4.24125076984969
7.82920401316559,3.8464649413266
7.05641844967218,3.92743651453703
8.37924966795479,4.12263122285815
7.66348007966918,4.04941522942351
7.74764453790103,3.71231844156957
7.06529970305539,3.79386758835519
7.83600704434097,4.04537823205275
7.82758145998014,4.18811940927459
7.94720137431445,4.08476673038655
8.03142055365005,4.01087683396218
7.2792005792361,4.39746024067575
7.81719087548205,3.96486638387032
7.56416536511565,4.07396135026476
7.47700211348868,4.12796517375097
6.53006392853444,3.66753176976651
6.74939712602313,3.99389737699336
7.33339942823234,3.84890082217461
8.15873716948938,4.2454296608665
7.97591777546316,4.02054886949966
8.28935106143307,4.24334901391772
8.06325515934595,4.13196514716986
7.79913730814373,4.25683124029278
8.31237800085766,3.93628254110171
7.32266889381809,3.80345798253448
7.27895614856226,3.85646011967041
7.51132533211631,3.74144327440067
7.66083853498042,3.91109412715955
8.63499718806879,4.40473306406737
7.65791526849596,4.0992006692174
8.03485116404458,3.88341251379845
7.7109898928222,3.90118228478089
7.90185544126238,4.06875425056317
7.86872378587961,4.13912985978667
7.72350528030861,4.10036051699434
7.52883817951464,3.95271128792399
8.41427882500952,4.23774734230132
7.0584512329374,3.85009603790696
7.38255603794244,3.80239043803551
7.90271634081513,3.95674104363526
8.21962535535055,4.34780590103374
7.14899658641049,4.06497818139931
8.48638152991261,4.2112311467976
7.68377468601045,4.03502080427699
7.01067022488622,4.18122307720253
7.36432887993311,3.95976174934388
7.94237813875362,3.76799062325228
7.99426456099108,4.21022604584928
6.97334971869569,4.55468781402018
7.84968568685375,3.96347044664414
7.41522360282473,3.98487210515618
8.27937418754953,4.1669862375034
6.92053271742076,4.00929613701116
9.37681741495375,4.11403836256185
7.94568149308836,4.13380520527145
7.13800199957964,3.84826284822293
7.57406065747198,4.75829448801265
8.07451835394583,3.9884728188045
7.31354693373465,4.51660002646161
7.93062829469924,3.76265779628954
7.78620022263607,4.18836907873748
7.93774728008868,4.14396029118605
7.15303073822192,3.83346083761939
7.88527732101785,4.01603819440165
8.0369026285312,4.13747228668014
7.74446544771771,3.96179037224173
6.84596210466972,3.91816507840835
7.92505913654715,4.11140760929315
8.07185765916022,3.95577512726904
7.36037825662121,4.08199920180842
6.35543490196565,3.9096804113085
8.00465846432531,4.13948022109127
8.21105831532022,4.20123456363061
7.83341087809348,4.11014446144989
8.06025732419624,4.27887151140019
7.03312974887605,4.04516459730546
7.18214092014328,3.91304306637644
7.59225017977347,3.85593386906414
8.60613605473239,4.21687853007797
7.87512131713579,3.90622712907028
7.59312817762774,3.98594092250885
7.94429763755578,4.04540473428044
8.37172560817524,4.23104876186427
7.54857309944142,3.94556963374399
7.57122221302997,3.94997653769469
7.44029264199482,3.80237081010522
7.87943320409158,4.12322847862948
6.39443649426238,4.00446574862794
8.02688046992387,3.79494856583205
7.83197139787184,3.96099811403093
7.23449452186142,4.15123728733804
7.038860637291,3.96302645269436
7.66870839919449,4.0387711909979
6.75830585371044,4.09352790995361
6.55051608920032,3.85738631827291
6.23902511207122,4.37647163771619
7.27388781031643,4.08269200696213
8.39952488348387,4.16873579295227
6.82667009949468,3.99607848883627
7.69298443064191,3.89047754607714
7.85388845618653,4.06842686212468
8.16116589323425,4.13640707665062
8.2700735322289,4.059770532956
7.88729028861277,3.86176116106979
6.78598287507516,3.85553853165362
7.9088083398073,4.08414868518778
7.09491495281323,3.81247923220854
6.99660363075484,4.1837160898574
7.99535335036194,4.21708071544774
7.3245992978404,3.8720501393648
7.87738496452303,3.96667306147129
6.1611128157505,3.74319620031032
7.75266678264234,4.24910950459522
7.32319233704625,4.05084532886621
8.12769028119663,4.2886686635408
7.74082561209949,4.07388380286654
8.04673566888736,4.00054388847188
6.51500568450949,4.07732242867795
7.85360204048448,4.39604380414561
7.84890795967999,4.21177458025578
7.63985975303163,3.97408680993672
8.25724705005337,4.12616705905562
7.85463375491163,4.28512929771829
7.82841563439421,4.21569958545622
7.83061528985697,4.20044417105273
7.95447009749528,4.13110040727265
8.49709112319067,4.10956655582236
8.42598830827539,4.29245063470673
7.64107061141936,4.19829883274153
7.90940834990015,3.96679870417993
7.55376652976737,3.86893607327538
8.67590049872199,4.04085209892759
11.0658354928447,4.43505345506388
7.96153885378946,4.16799611709837
7.72726746248284,4.22215703010342
8.16148301427577,4.06393317232364
7.82415554305843,4.63083026893075
7.80209629160516,3.98071137727012
8.14113789109934,4.19400946527828
7.09388627644528,3.91490129610099
6.90710354753435,3.94089735030209
7.81104170050759,4.5858126209128
8.30695842457013,4.22311363297569
6.65868039968926,3.63511016381857
7.97083092159459,4.23136189321653
8.00067485393814,4.16768676404223
8.31602782401702,4.23297248440674
7.25778942031773,4.07140791548956
7.73262794659647,4.1178833286151
6.868117552704,4.19909561966146
7.89648507299407,4.65855166408229
8.13752485767136,4.22100033914998
6.9859869097922,3.99499667470275
8.4577177869004,3.97959185342992
7.91581302404377,4.57600332401043
7.28526181292003,4.03734215393255
6.44348173204851,4.18767261079142
7.85059093956773,4.14098142619676
7.32670594341642,4.10351171289287
7.72875676412017,3.96070563444072
7.65368954797436,4.10127428309501
7.37722825821831,3.89582824671841
7.73114914028591,4.13573442118837
8.37323716187377,4.30154454728545
7.99294753143751,4.84446586283223
7.23118746946929,4.18253704740427
7.85946020715562,4.30398347961007
7.878308406369,4.17473412290293
8.12944099283955,4.13567682415206
6.84273384936671,3.94516855845192
8.32435356345085,4.20253517291326
7.64869149664879,4.0741693463977
8.3208843981565,4.20580088055589
7.57827558149572,4.0378751995066
8.20794986192598,4.05953720753716
7.53403010278244,4.03525281076237
7.74583619057244,4.00774130241855
7.95312824215476,3.88812932032206
7.67086917746398,3.93259922535845
7.69319468017805,4.22594620826465
6.02594766212984,3.7174103542944
8.33695832205336,4.11844874313802
7.45252749852548,4.1130697097195
8.30471051478587,4.15506822827743
7.67327242432346,4.12057661460969
6.86952563736303,4.12750268687306
7.74604878794521,3.96940970044515
8.79832153044881,4.76764321966131
7.05301673322191,3.9792779555406
6.82888991395534,3.91673185319546
7.54953685072095,3.69113579530594
7.82807859685755,4.14619985064098
7.8375783308771,3.79670458293438
7.63297948082779,3.89335979908174
7.57093040812948,4.14886922703681
6.71871441667395,3.76435797461835
7.82770079055708,4.09843290347374
7.82605434701309,4.05011108247314
7.49023235772494,3.84532924651947
7.63477314185208,3.81942365552223
8.03112794950284,3.96148685409615
7.24309014216318,3.9587333469758
7.87264643100526,4.16060025061733
6.93660279328695,3.96912057642197
7.62922485029115,3.9699028149381
7.73089579240511,4.10170697037802
6.87872780051809,3.88451738678487
3.60727917340558,3.60727917340558
7.87000294545527,3.90720592668641
7.30357482526744,4.09243828185731
7.87973738070957,3.9690386441369
7.34072995567567,3.93299790026055
7.76992148068963,4.09475066208194
7.76480742165051,4.06633589825908
7.70389749622327,4.02581230272982
7.44785848516441,4.0759668151709
8.14893420534922,3.82201868139557
7.52421328997027,4.18169281900074
7.87646625777811,3.81278860416767
7.74383406968184,3.97342233643453
7.67863904690685,4.08602406832536
6.75884142480373,4.12564405666628
8.04403293311506,4.38196410541989
7.77501864604771,4.64238799230359
8.45617194489903,4.15484325818804
7.5804641661637,3.88877071507236
7.68627416383836,4.00999772591258
7.7637357771431,3.90699874526054
7.11334037258833,4.50558599446054
7.92012720432831,4.27465931224066
7.66820258721898,4.04921999935788
8.00099415840799,4.28997166093471
6.39352439131791,3.89731367897691
6.98608754494771,4.05903810876538
7.91857994907913,4.30870443025926
7.46276351993556,4.00605310688022
8.30930074888752,4.14421885242021
7.59604561165375,3.81165652412295
6.91982512056754,3.90385730800833
7.83349478085194,4.00139488866528
7.95077868593882,4.15508871823275
7.52485362136367,4.03535780109605
6.42349904658302,3.99451933002291
7.38073918489949,4.016801994837
7.90628130913816,4.03718867287734
7.84293207930645,4.03122775069294
8.05187647445763,4.16147826750253
6.7599818617334,4.24252724316007
7.90264957749103,4.06742097214247
7.17262609178184,3.98244034391716
6.78528291480744,3.9961215921916
7.75184253304564,3.98312248241638
6.95064898857412,4.16568373645421
7.14985098761408,4.19151448814993
7.56595884241459,3.83956073639482
8.16301388636154,4.17853338570821
7.56999131489764,4.41092112757721
8.14939306666193,4.23299464514099
7.65385208910388,4.24769694841669
7.96324185343586,4.11460240626108
7.19424056064303,4.28112650962167
7.21091813534201,3.97375555216353
7.1308423328595,4.06710121889331
